ID,adm1_src,adm1_name,adm0_src,adm0_name,2003_annual,2004_annual,2005_annual,2006_annual,2007_annual,2008_annual,2009_annual,2010_annual,2011_annual,2012_annual,2013_annual,2014_annual,2015_annual,2016_annual,2017_annual,2018_annual,2019_annual,2020_annual,2021_annual,2022_annual,2023_annual,LTA,2003_annual_anomaly,2004_annual_anomaly,2005_annual_anomaly,2006_annual_anomaly,2007_annual_anomaly,2008_annual_anomaly,2009_annual_anomaly,2010_annual_anomaly,2011_annual_anomaly,2012_annual_anomaly,2013_annual_anomaly,2014_annual_anomaly,2015_annual_anomaly,2016_annual_anomaly,2017_annual_anomaly,2018_annual_anomaly,2019_annual_anomaly,2020_annual_anomaly,2021_annual_anomaly,2022_annual_anomaly,2023_annual_anomaly
0,TR001,Adana,TUR,Turkey,511376.68000000005,699109.5500000002,733495.99,429019.1000000001,526786.6900000002,432794.87,395666.1,454991.0400000001,374235.09,382761.50000000006,441165.3100000001,484862.6099999999,397330.06,592500.07,477306.11,341889.58,362489.39,364076.09,439291.94,396475.21,393875.14,461881.1490000001,10.716075143391476,51.36135161905039,58.806219216363786,-7.114827931633121,14.052433432393682,-6.29735139937484,-14.3359496579065,-1.4917493417770977,-18.975890050884075,-17.129871866669326,-4.48510164245737,4.975622202758449,-13.9756924784129,28.279768785281128,3.339595268911893,-25.978884234567463,-21.518903556724297,-21.175373624092213,-4.890697325255005,-14.160772558396847,-14.723703088389101
1,TR002,Adiyaman,TUR,Turkey,223667.93,203781.5,258680.6,224600.8,152145.90000000002,273031.31,77384.15000000001,128584.09,300877.49,219863.16,130906.09999999998,82777.95,145183.67999999996,72988.14,110381.53,105441.71000000002,153559.8,199935.43,112027.87,115723.5,191166.83,164577.132,35.904622520703526,23.821273055116784,57.178945128294,36.47145096683297,-7.553438226156467,65.89869241371879,-52.98001061289609,-21.870014115934413,82.81852791066986,33.592776425342,-20.45911943586429,-49.702641555328604,-11.783807242430283,-55.65110467473695,-32.93021414421051,-35.931736858800036,-6.694327374716933,21.484332343329434,-31.929868604102307,-29.68433791883067,16.156374629252852
2,TR003,Afyonkarahisar,TUR,Turkey,846535.9699999999,706145.21,791813.1399999999,1031929.7399999998,924923.68,1037059.27,537972.4299999999,549488.4699999999,568685.41,431779.47,659818.3500000002,922822.87,560677.1,632877.2500000001,743322.7700000001,484018.23,529382.3700000001,799969.9499999998,653642.2599999999,684440.49,688202.8,704865.2215,20.0989840580466,0.18159336862671097,12.335396306682428,46.40100100328184,31.219934221141038,47.12873303538356,-23.67726288790942,-22.04346969614249,-19.31997881952528,-38.742974283630474,-6.3908489347987745,30.92189000844327,-20.456126519217122,-10.213012261663966,5.456014472973987,-31.331804260397888,-24.895944096455874,13.492611863812867,-7.267057578893484,-2.897678999757544,-2.3639159646068504
3,TR004,Agri,TUR,Turkey,513005.02,448302.59,435777.19,535200.8200000001,465308.61,536497.89,440452.7400000001,537046.08,444146.28,497046.25,463578.28,607827.39,565254.25,379855.0899999999,444791.9,442707.13000000006,414216.53,407324.93,464476.13,437130.96,524273.85,473997.30300000013,8.229522985281601,-5.42085637141275,-8.063360858405584,12.912207857013886,-1.8330680248617663,13.185852873934994,-7.076952292279184,13.301505430717569,-6.297720010444889,4.86267471441707,-2.198118625160215,28.23435621953314,19.2526300091627,-19.861339379815035,-6.161512484386456,-6.6013398814634305,-12.61204918712377,-14.065981510447564,-2.0086977161555963,-7.777753748105208,10.606926807767055
4,TR005,Amasya,TUR,Turkey,244022.27,164674.53000000003,196535.56,258459.16000000003,57353.65999999999,245500.14,54707.42999999999,208289.71,163697.54000000004,205627.42,67561.95,180057.96000000002,206819.13,14841.649999999998,209273.65,189880.68,42260.72000000001,133962.51,160916.66,197604.13,180061.93,160102.323,52.416445575246264,2.8558030354125616,22.756220095569752,61.433735099521336,-64.17687206200002,53.339523999286385,-65.82970879192052,30.0978687236162,2.245574537978461,28.435000908762586,-57.80076844981193,12.464301970184415,29.17934363763104,-90.72989715458407,30.712438194916132,18.599578345905694,-73.60393078119174,-16.326941739627348,0.5086353431611355,23.423649511943683,12.466781634392643
5,TR006,Ankara,TUR,Turkey,1539587.7100000002,1334304.37,1598428.2900000005,2257293.8600000003,1626297.9800000002,1939285.16,1309161.35,1823660.89,1261417.98,1060040.43,1134920.7100000002,1935554.99,1180402.9,1478492.2200000002,1373336.6699999997,1516047.4200000004,1065949.54,1474497.34,1519905.4400000002,1433720.0500000005,1498508.55,1493115.265,3.1124485891583396,-10.636211330945022,7.053241465587763,51.18014750187424,8.919787917378255,29.881811904186783,-12.320141606749953,22.13798443752432,-15.51770921048081,-29.00478249413651,-23.98974569454956,29.63198725317433,-20.943618508916657,-0.9793647779764474,-8.022059502552887,1.5358596578275887,-28.609025372197227,-1.2469181339459292,1.7942469431521268,-3.977939037412453,0.36121022444976136
6,TR007,Antalya,TUR,Turkey,205819.70000000004,243184.71,250288.03,214078.18,206590.86,227613.8,273436.01,222614.72,225157.93,240577.65,192020.67,216292.62,203405.98,229030.29,229681.56,193753.73,231001.82,212353.46,225656.65,215100.24,203349.48,222882.93050000002,-7.655691919395315,9.108718848256517,12.295737245791454,-3.9503924684802287,-7.309698622254983,2.122580445881194,22.681449578302267,-0.12033694074208862,1.0207149981815122,7.939019583197725,-13.846847953212821,-2.95684846085601,-8.7386460938515,2.758111393371145,3.0503141199500607,-13.06928280001236,3.6426699351927225,-4.724215746974856,1.2444737215979744,-3.491828863942555,-8.76399572465241
7,TR008,Artvin,TUR,Turkey,220.68,144.95,113.6,1012.73,136.8,0.0,507.5,200.19,795.7,1049.7599999999998,223.79,443.91,425.53,470.54,348.25000000000006,270.83000000000004,139.76,1294.9899999999998,1513.37,1323.4199999999998,1349.5,531.8149999999999,-58.50436712014516,-72.74428137604242,-78.63918843958895,90.42900256668204,-74.27676917725148,,-4.5720786363679,-62.35721068416649,49.61969857939324,97.39195020824909,-57.91957729661631,-16.529244192059256,-19.98533324558352,-11.521863806022758,-34.51670223668003,-49.074396171601016,-73.7201846506774,143.50385002303432,184.56700168291607,148.84969397252803,153.75365493639708
8,TR009,Aydin,TUR,Turkey,177802.61,223247.86,180391.9,211544.38,168149.02000000002,206911.14,171523.38000000003,170973.53,191971.17000000004,202418.97000000003,186751.61,163979.93,178684.79,172500.66000000003,238315.64,191793.86,179509.53,182258.78000000003,213705.18,206780.91,222829.83,190960.74250000005,-6.890490855731807,16.90772515717461,-5.534562948193425,10.778989037498086,-11.945765502037691,8.352710243572686,-10.178721681499542,-10.466660444619945,0.5291283887838834,6.00030527216869,-2.20418733447272,-14.128983866932781,-6.428521558560677,-9.666951572520208,24.798236998895177,0.4362768436554097,-5.996631742254589,-4.556937926652658,11.910530511264605,8.284512980462436,16.68881628903382
9,TR010,Balikesir,TUR,Turkey,350577.08,421785.01000000007,487843.46,520533.48,215787.31,523422.0500000001,332241.19,325049.00000000006,383751.14,437469.6400000001,249150.51000000004,249507.16999999995,322519.46,124520.66,420981.64,212574.29,316880.4,220951.74,211876.19,264682.80000000005,265186.29,329605.211,6.362723737398681,27.966729870663375,48.00841847127229,57.926350260281524,-34.53158421090619,58.80272293389199,0.7997382662739493,-1.3823237157497341,16.427510000744498,32.725340923083905,-24.409414146064567,-24.30120590538845,-2.149769106654078,-62.2212708281484,27.722992826105532,-35.50639282823717,-3.860621912315575,-32.96473094898976,-35.71819166414817,-19.697022023113572,-19.544266549839236
10,TR011,Bilecik,TUR,Turkey,95783.42,73775.85999999999,113028.6,140062.55,52696.990000000005,148698.18999999997,57929.46,97002.62,87707.62000000002,88828.05,85123.69000000003,68604.32999999999,26773.25,102565.32,69081.28,104064.02999999998,29475.870000000003,96407.03,110534.16,86385.72999999998,99015.09,86726.40250000001,10.44320672704023,-14.93264118732473,30.327785705166306,61.499319656433315,-39.23766179509175,71.45665646629348,-33.204354925248985,11.84900699645645,1.1313942141206805,2.423307596553416,-1.8480098952564985,-20.895681104724737,-69.12906654925528,18.2630860308082,-20.345733238502554,19.991175697619845,-66.01280676896519,11.162261111891487,27.451568165761277,-0.39281290377521383,14.169488351600867
11,TR012,Bingol,TUR,Turkey,111296.27,98573.11,119361.88,115247.47000000002,95380.84,132774.72999999998,119346.42,113929.38,99499.27,102856.55000000002,99583.2,124134.96,113826.5,87601.97999999998,102589.48,92449.47,93487.26,93863.34999999998,93142.38,109424.23,122113.34,105918.4365,5.077334671570618,-6.934889470352025,12.692260143020528,8.807752274553279,-9.948784034401791,25.35563626829026,12.677664006114744,7.563313587998449,-6.060480792689941,-2.8907965422997712,-5.9812405746755894,17.198633308753582,7.466182244863484,-17.29298232229855,-3.1429433911630675,-12.716356986632817,-11.736555892231285,-11.381480786869451,-12.062164928199248,3.309899216648652,15.28997598071607
12,TR013,Bitlis,TUR,Turkey,207168.37,215120.34,181150.42000000004,172742.24999999997,166909.83000000002,178442.1,192842.04,153675.96,197468.61,170793.43,180738.21,195641.36,215532.97,150825.74000000002,159348.75999999998,184875.1,148634.45,154994.88999999998,160067.38,165696.59,199502.47,177633.44,16.62689750308275,21.103515193985995,1.979908737904327,-2.7535299659793964,-6.036932010098991,0.45524086005428005,8.56178881633999,-13.487032621785634,11.166349083821144,-3.850631953082713,1.747852206206213,10.137685787090529,21.335808167651315,-15.091584107136574,-10.29348978435593,4.076743658176075,-16.32518629375189,-12.744531660254971,-9.888937578419918,-6.71993403944663,12.311324939718556
13,TR014,Bolu,TUR,Turkey,127068.83,124257.68000000002,127412.31,186319.13,80785.11,184975.14,93117.03999999998,60402.59,105010.58999999998,124877.72000000002,120304.18,119147.92,29646.220000000005,135517.37000000002,94025.54,120038.89,54183.04,109991.88,113924.69,108518.47,131125.59,110976.21699999999,14.500956542787916,11.967846227809362,14.81046429975173,67.89104461904664,-27.20502447835286,66.67998333372638,-16.092796711569303,-45.57159035255275,-5.375590519543487,12.526560533235717,8.405371215708321,7.363472301457176,-73.28596991191365,22.113884995737454,-15.274152839432254,8.166319996292549,-51.1759893563501,-0.8869801355726381,2.656851242280148,-2.214661002546148,18.156478518275684
14,TR015,Burdur,TUR,Turkey,181757.17,199044.52,208440.83,226626.11,206138.92,239481.61000000004,213440.24,173933.99000000002,200931.98,211569.48,204816.7,244532.38,207880.61,196308.15,209596.65,183550.91999999995,216086.05000000005,215646.26000000004,164455.30000000005,211624.89,204020.54,205793.138,-11.679674178446122,-3.2793211987466835,1.2865793416299338,10.123258823139174,0.16802406696379085,16.370065750200105,3.7159169029241315,-15.481151757353533,-2.3621574787396438,2.8068681279353465,-0.4744754900428189,18.82436041186174,1.014354521383497,-4.608991384348302,1.8482210033650335,-10.808046476262998,5.001581733983784,4.787876843590398,-20.087082786987757,2.83379322395094,-0.8613494197265207
15,TR016,Bursa,TUR,Turkey,270973.31000000006,322782.24,303715.33,346613.04,204771.63,384539.15,231030.69,276410.4,281756.80000000005,300377.87,305514.93999999994,266486.08,296382.43999999994,109912.98,192806.31999999995,180181.21,282649.47000000003,229451.09999999995,200910.54999999996,220659.99,262692.69,260396.27699999994,4.061898703720758,23.958085621938466,16.63581887539816,33.1098293697955,-21.361536977734882,47.67459597742256,-11.27726837661352,6.149904746910066,8.203083103219678,15.35413388417994,17.326923226325547,2.338667461055933,13.819768629026907,-57.79011080100811,-25.956575792364344,-30.804997645953275,8.545895224147191,-11.883878431948549,-22.844307793233156,-15.259929004284482,0.8818916408701416
16,TR017,Canakkale,TUR,Turkey,252284.02000000005,297596.73000000004,306449.62,351469.36,249097.3,336925.36,251844.91,215292.58,214529.18000000005,325833.41,324447.84,189676.8,286637.8,196975.15,307512.48999999993,222031.7,207169.44,165088.82000000004,129719.50999999998,224607.93,142943.31000000003,252759.49749999997,-0.1881145930035412,17.739089111775147,21.24158460158358,39.052879704352165,-1.4488862085192191,33.29879325306066,-0.3618410026313512,-14.823149227063166,-15.12517546447485,28.910451722986203,28.36227449771697,-24.957597290681427,13.403374684268798,-22.07012913530578,21.66209105554974,-12.156930918095357,-18.036931530139622,-34.68541374988291,-48.67868021457829,-11.13768929691751,-43.44690845889973
17,TR018,Cankiri,TUR,Turkey,279374.66,199373.49000000005,284341.7,346894.24000000005,178567.93000000002,291869.96,276029.31000000006,264095.08,167283.53999999998,186256.06,221769.03000000003,385340.32000000007,150654.66999999995,182876.19,254946.74,312404.84,77204.79,200613.01999999996,289182.77,248266.27000000005,281876.06,239867.2305,16.47054056431438,-16.881730954074595,18.54128611369447,44.61927095122735,-25.555512677668567,21.67979735773037,15.075873192274194,10.100524965205704,-30.259944365347575,-22.350352062784168,-7.545090866424115,60.64733777797132,-37.19247531813232,-23.759410729511885,6.286606748477877,30.24073332101111,-67.81353174459569,-16.364974247701603,20.559515110589484,3.501536863744313,17.513367462672228
18,TR019,Corum,TUR,Turkey,864497.5800000001,581879.9299999999,583927.46,789289.68,557186.8500000001,743534.44,540632.7200000001,599621.2700000001,285272.94999999995,400126.74,447985.05,813327.1499999999,478158.6700000001,442503.87,581149.2400000001,243362.99,494120.76000000007,370109.22,613274.39,515414.2899999999,591716.1199999999,547268.7625,57.96581848575729,6.324345526664329,6.6984816258355355,44.22341161852813,1.8122882538906357,35.86275902235513,-1.2125746899358,9.56614210188914,-47.873335818248904,-26.88661085420529,-18.141673580355313,48.615672176246306,-12.628181477834644,-19.143225354471053,6.190829775342816,-55.531357410519114,-9.711499384180527,-32.37157949427088,12.06091632171315,-5.820626844200711,8.121669012672713
19,TR020,Denizli,TUR,Turkey,263686.60000000003,421711.4900000001,425677.5400000001,458733.03,462762.65,461553.63000000006,352506.94000000006,249387.84,344895.96,429361.72,339809.48999999993,234201.63,257925.28,438038.25,415427.22000000015,266529.96,349168.47000000003,458404.51,415317.70000000007,386560.9199999999,428567.61,371583.04149999993,-29.036966020958715,13.490510303603342,14.55784911002193,23.45370449313148,24.53815118470634,24.212781115308285,-5.133738456683545,-32.88503183749303,-7.181996625106993,15.549331386803896,-8.550861571006331,-36.97192717553015,-30.587445821313125,17.884349143527874,11.799294801778574,-28.271764253805415,-6.032183656583776,23.36529356924382,11.769820905564696,4.030829404791336,15.335621418557139
20,TR021,Diyarbakir,TUR,Turkey,787905.0300000001,797528.2000000001,1045627.7,955884.19,1098959.37,1357122.44,268347.69999999995,528058.64,707274.92,1145121.7500000002,545196.17,325415.4,511121.0800000001,840299.2300000002,640905.21,527769.5299999999,420813.95,710480.95,477509.31,395273.21,729855.3400000001,704330.699,11.865779969360688,13.23206572314975,48.456925345518684,35.71525298516058,56.028889775823906,92.68256259833989,-61.900326028526564,-25.026888541173754,0.4180168497809606,62.58296729445839,-22.593723264645032,-53.797924687647324,-27.43166232485913,19.304643570562327,-9.005072345994684,-25.067936020775395,-40.25335675450943,0.873205017008627,-32.20381978551244,-43.87959937552005,3.6239569049367906
21,TR022,Edirne,TUR,Turkey,566799.2999999999,392136.51,469944.21,496304.07,204496.82000000004,481361.04,462446.57,338188.2299999999,272827.15,576531.81,396372.96,199316.14,506317.59,336696.98000000004,546698.92,231444.24,385874.01,288502.99999999994,206407.31000000003,270407.13,168417.02000000002,381453.6995,48.58927852658038,2.8005523380695436,23.19823103458983,30.108600506573413,-46.3901332539049,26.191210265087495,21.232687114101516,-11.342259770114005,-28.476994624088046,51.14070482360077,3.91115894787646,-47.74827449274744,32.73369498412744,-11.733198435004285,43.31986312273269,-39.32573198179193,1.1588065617908685,-24.367491945113525,-45.88928872087134,-29.111415001494823,-55.84863373438065
22,TR023,Elazig,TUR,Turkey,251186.43,269823.79,260645.73,271063.66000000003,213276.6,284757.48,251410.44000000003,255877.76000000004,232555.97,276011.99000000005,227880.82000000004,337226.5,293183.78,248810.38,221986.52,259056.01,111474.58,212561.18,231078.01,234046.92,254068.3,247195.72749999998,1.6143897551789257,9.153905178235737,5.441033563171124,9.655479381212224,-13.7215670525697,15.195146323878111,1.7050102534640503,3.512209773124036,-5.922334357498141,11.657265597359515,-7.813608954871579,36.420844895063986,18.60390265038058,0.6531878670920903,-10.198075733327547,4.797931833186733,-54.90432576347825,-14.010981439798545,-6.520224950085342,-5.319188819717755,2.78021492098807
23,TR024,Erzincan,TUR,Turkey,135705.17,133689.14,138386.93999999997,147883.37,145940.74,145943.92999999996,123700.86,166898.16000000003,142943.42,154130.09000000003,133736.05,155056.01999999996,146401.33999999997,136559.27000000002,130431.36999999998,151559.15,110832.57000000002,132121.48,159800.22,132031.22000000003,134717.26,141187.52550000002,-3.883031082657515,-5.310940519316633,-1.983592736031091,4.74251848829235,3.3665966473787177,3.3688560537878014,-12.385418214585831,18.210273470654467,1.24366121849766,9.166932031824587,-5.277715204379036,9.82274776109731,3.6928294348497164,-3.278090952872461,-7.6183469197496745,7.345992121662317,-21.499743261666552,-6.421279406869417,13.182959637606215,-6.4852085675231885,-4.582745874386762
24,TR025,Erzurum,TUR,Turkey,447517.12,384102.9400000001,432344.48999999993,533415.5100000001,427972.95,483255.81,440475.11,535082.9199999999,398764.63,518775.5800000001,478029.86,560839.32,560993.9500000001,428634.67,453899.6500000001,421025.3499999999,373598.0999999999,421033.51,490937.3599999999,418816.4900000001,456919.66,460475.766,-2.814186317027595,-16.585634172114037,-6.109176221013132,15.84008310222348,-7.058529112691675,4.947066856065558,-4.343476351370034,16.202189020301216,-13.401603419016844,12.660777896398583,3.8121645689384622,21.795621270544764,21.82920175651547,-6.914825567606531,-1.4281133743746075,-8.5673164394063,-18.86693555117515,-8.565544359179153,6.6152436782091,-9.047007264221566,-0.7722677853149017
25,TR026,Eskisehir,TUR,Turkey,822655.1000000002,777214.9000000001,760029.9300000002,1183297.8099999996,867615.5599999999,969535.4,624243.0,844106.9600000001,588397.3300000001,509779.54,644412.5899999999,961060.61,588829.76,660302.8,734484.1700000002,656520.51,267796.61,831619.53,787256.64,721106.37,688768.9999999999,740013.2559999999,11.167616705504027,5.027159135106116,2.7049074915490747,59.9022450484319,17.2432457074796,31.015950341300385,-15.644348943932965,14.066464776949909,-20.48827163171789,-31.112106997175193,-12.918777498223639,29.870728964347105,-20.42983619201545,-10.771490288006394,-0.7471603995158403,-11.282601402480813,-63.81191717462964,12.379004464752466,6.3841267189408395,-2.5549388266633892,-6.924775412401539
26,TR027,Gaziantep,TUR,Turkey,292154.17999999993,397582.98,418805.58,322703.99,298223.86000000004,553895.2700000001,475193.43,286751.15,487389.12000000005,527954.6000000001,391060.75000000006,246357.06,457368.29,532889.7000000001,549802.7299999999,447646.53,434248.12,438921.21,380719.83,550884.85,480317.86,424527.66150000005,-31.181356011591742,-6.34697899420626,-1.34787011988382,-23.985167689714853,-29.751607010418564,30.473304859075732,11.934621249644987,-32.45407166477419,14.807388116451396,24.36282670828978,-7.883328822849858,-41.96913832904621,7.73580416031381,25.525318684092397,29.5092828715473,5.445786128120177,2.2897114561756178,3.390485427767579,-10.319193652826325,29.7641826338329,13.141711026055233
27,TR028,Giresun,TUR,Turkey,18524.74,22335.009999999995,9955.240000000002,30498.88,23724.65,24932.31,9284.74,31586.67,17293.079999999998,10641.3,17596.07,22806.69,18376.91,4123.34,19536.69,10345.06,11631.999999999998,17421.2,25951.13,16167.119999999995,19579.89,18136.641499999998,2.1398586943453877,23.148544343229133,-45.10979334294058,68.16167425485034,30.81060239295133,37.46927731906706,-48.806729184121544,74.1594219635427,-4.651145031454693,-41.32706432996429,-2.9805490724398904,25.74924635302518,1.3247684252897758,-77.26514029623401,7.719447396035263,-42.96044281406786,-35.8646417529949,-3.9447297891398323,43.08674513966659,-10.859350668645035,7.95763923546706
28,TR029,Gumushane,TUR,Turkey,29401.990000000005,50208.4,49312.27,69297.74999999999,30452.41,54672.62999999999,31440.94,47599.71000000001,58395.17,69679.61,17273.32,57848.170000000006,23411.340000000004,43637.86000000001,46526.61,55456.990000000005,50220.15000000001,44963.16,68472.35999999999,42336.29,46770.880000000005,47030.3565,-37.48295316451619,6.757430171723235,4.852001281342605,47.346852452628085,-35.24945956979935,16.249661003526494,-33.14756183062317,1.2106085140987708,24.16484659222176,48.15879611714191,-63.27197732383764,23.001768017641975,-50.22078984240742,-7.213418635259535,-1.071109252595185,17.917434880596755,6.782414035071172,-4.3954514782383125,45.59183705103316,-9.980929019749192,-0.5517213121699323
29,TR030,Hakkari,TUR,Turkey,39898.42,38506.920000000006,38460.310000000005,39748.22,41093.3,46947.240000000005,45902.30000000001,34354.020000000004,37006.34,44963.41,40850.68,46934.01,45523.530000000006,39694.37999999999,38078.4,35554.16,38155.100000000006,39688.560000000005,43760.84,39712.38999999999,50884.380000000005,40741.6265,-2.0696436849422306,-5.4850694289291395,-5.599473305269228,-2.438308396941387,0.8631798242026603,15.231629252700568,12.666832287611326,-15.678329631734252,-9.168231170152232,10.36233420872386,0.26767095319574885,15.199156322342711,11.737144318477338,-2.570458251096108,-6.536868379567509,-12.732595494193133,-6.348608836223052,-2.5847433950630165,7.410635655402707,-2.5262528485454707,24.89530824205069
30,TR031,Hatay,TUR,Turkey,162995.52,240724.85,183655.45,171287.61000000002,231546.11,172262.38000000003,164181.63,168625.62,177309.6,170155.40999999997,159564.93000000002,158968.53000000003,172411.85,171025.82000000004,223012.16000000003,143649.27,175065.19000000003,171112.09000000003,211405.72000000003,191624.71,198037.88,181029.22250000003,-9.961763217538008,32.97568573493705,1.4507202007123345,-5.3812375513019814,27.905377265816817,-4.8427775244960785,-9.30655960807655,-6.851712849841155,-2.0547083220224436,-6.006661438321129,-11.856810852734014,-12.186260425440429,-4.760210744428306,-5.5258495627687925,23.191248860387716,-20.648573740629107,-3.2945136799667796,-5.478194273303032,16.779886186607243,5.8529155424063966,9.39553143139637
31,TR032,Isparta,TUR,Turkey,162808.73999999996,144098.96000000002,184537.42,226138.26,203012.69000000003,239587.02000000005,168886.21999999997,147053.01,150011.38,166946.74000000002,174292.77,200999.19999999995,121216.96,179794.01000000004,156059.30999999997,149418.13000000003,155886.35000000003,174607.21999999997,153740.05999999997,141334.65999999997,175847.52000000002,170021.45550000004,-4.242238415609891,-15.246602508940416,8.537725110816952,33.0057193869864,19.40415955326296,40.915756364643045,-0.6677013184374649,-13.509145320779838,-11.769147276827088,-1.8084279369082448,2.5122208767351415,18.219903134519342,-28.70490395254852,5.74783604296341,-8.211990339066395,-12.118073827452914,-8.313718676523154,2.6971681229960596,-9.576082884433411,-16.87245613539643,3.4266642894372685
32,TR033,Mersin,TUR,Turkey,125865.63999999998,160093.41,126342.71,149605.95000000004,154911.94,157069.58,159171.44999999998,139280.84999999998,175054.27000000002,171860.36000000002,136044.06999999998,169583.84000000003,143131.44000000003,149621.12000000002,149271.94000000003,139083.94999999998,141046.41,131928.07,167870.24000000002,161066.59,143745.01,150395.19150000002,-16.310063676470683,6.448489744434408,-15.992852736917463,-0.5247784135438762,3.0032532655806263,4.437900197095045,5.835464826014711,-7.390090992370616,16.39618810552198,14.272509836193798,-9.54227416240235,12.758817824305247,-4.829776422738877,-0.514691654885782,-0.7468666310385221,-7.521012731314639,-6.216143885158729,-12.27906378908398,11.61941969401329,7.095571602766289,-4.421804602708994
33,TR034,Istanbul,TUR,Turkey,116335.26,95768.99,106761.72,86649.76000000001,73660.79000000001,86166.44,76374.44000000002,45289.68,62901.26,109175.41,60306.25999999999,31750.880000000005,58890.29000000001,67542.89,32945.560000000005,36233.83,34280.700000000004,28683.960000000003,22622.46,36479.17999999999,53570.49000000001,63440.988,83.37554894321633,50.957595427107805,68.28508408475606,36.583244888935226,16.10914697608431,35.82140303363499,20.386586665390553,-28.61132616661014,-0.8507559812908266,72.08970642134389,-4.941171471037006,-49.95210352020368,-7.173119687228057,6.465696908755586,-48.068967652269215,-42.8857728382162,-45.96442917944468,-54.78639140991939,-64.34093996140162,-42.4990354816038,-15.558550254608244
34,TR035,Izmir,TUR,Turkey,243496.88,288961.35,359359.11,361908.69000000006,207124.62,269183.75,224546.3,224228.24,231382.75000000003,258761.38,297580.3,210024.83,241807.23000000004,238940.43,298015.7200000001,243982.39,242908.68,230624.41999999995,293098.68,222550.09000000003,234858.44999999995,259424.29199999996,-6.139522200180065,11.385617658349444,38.52176572577869,39.5045495585279,-20.15989774774059,3.761967672634159,-13.444381684965714,-13.566983927626936,-10.809142730550434,-0.25553196845573467,14.70795495126572,-19.041956949814082,-6.790829750052829,-7.895892031575813,14.87579582562767,-5.952373187935671,-6.366255015162562,-11.101455371804583,12.980429758675044,-14.213858584993242,-9.46936842753338
35,TR036,Kars,TUR,Turkey,422219.83,382641.64,487642.74,546181.2300000001,403264.16,435032.2,326268.81,438868.74,385215.7700000001,475030.5200000001,407476.17,515629.02,525396.3500000001,391353.13,399132.65,400549.44,384695.75,412335.11,491008.73,379597.13000000006,435926.68000000005,430476.95600000006,-1.9181342659373495,-11.112166477965905,13.279638596961254,26.878157445435946,-6.321545351198796,1.0581853305987294,-24.207601486570642,1.9494153828759013,-10.514194864358775,10.349813939866275,-5.343093440755531,19.780864646329626,22.049820014059012,-9.088483240436233,-7.281297073657999,-6.952176088143509,-10.634995755731012,-4.2143593860573745,14.061559662208703,-11.819407587522523,1.2659734566604737
36,TR037,Kastamonu,TUR,Turkey,193648.21,150330.80999999997,189993.32,207231.59000000003,153930.53000000003,205523.92,74630.71000000002,122503.35,131644.86000000002,148120.00000000003,160729.06,171864.85,113916.49,110274.61000000002,119392.12,121714.97999999997,16880.66,156824.84000000003,173106.30000000002,149731.79,166743.08000000002,143599.65,34.85284260790329,4.687448750745545,32.30764838215136,44.312043936040254,7.19422366280143,43.1228558008324,-48.02862681071993,-14.691052519974798,-8.325082965035067,3.1478837169868,11.928587569677227,19.683334882780017,-20.670774615397733,-23.206908930488325,-16.857652508205977,-15.24005803635317,-88.244637086511,9.209764787031189,20.54785648850817,4.270302887228496,16.116633989010435
37,TR038,Kayseri,TUR,Turkey,862052.87,1123919.65,1016664.0600000002,1175216.11,1201476.56,962638.51,853083.8600000001,1223460.91,872057.3999999999,927175.6,1001944.53,1331708.4200000002,1039066.57,693180.9,806322.27,1082845.62,776203.8999999999,844649.2000000001,929992.38,976759.53,1030803.16,985020.9424999999,-12.483802850719583,14.101091815111335,3.212430937731082,19.308743529582394,21.97472238007774,-2.2722798606893457,-13.394342882207278,24.20658863301275,-11.46813612036477,-5.872498746390859,1.718094181535652,35.19594990743055,5.486749079956751,-29.627800781504693,-18.14161149167647,9.931228188074817,-21.199249020027818,-14.250635336111122,-5.586537313647003,-0.8387042491738557,4.647842043216269
38,TR039,Kirklareli,TUR,Turkey,264772.52,157417.4,314203.18000000005,273044.05,91819.45,362323.9900000001,312234.91000000003,163479.51000000004,137320.79,377156.86,233235.62,99377.44,198955.78,208368.84,357435.62,121217.12,215899.0,112307.09,74831.61,159628.12000000002,100231.79,211751.445,25.03929784280811,-25.659350282119686,48.38301575698812,28.9455427328961,-56.63809991945982,71.10815465745705,47.45349671639786,-22.796507952991757,-35.15001042850026,78.11300414030231,10.145940208341901,-53.06882557519265,-6.0427757647651505,-1.597441283104354,68.79961315021959,-42.75499749246103,1.9586902937073194,-46.96277515367132,-64.66063785302623,-24.61533379382605,-52.66535725411461
39,TR040,Kirsehir,TUR,Turkey,684564.9500000001,618834.6200000002,656280.9400000002,832843.0900000002,650407.0499999999,734587.26,429132.2200000001,695033.7700000001,491768.1500000001,492761.86,393908.9,569049.8900000001,434182.95,505029.72,458839.4099999999,549406.2600000001,222871.51,441321.0500000001,481544.99,442269.4799999999,525980.24,539231.9035000001,26.951863485206403,14.762241622448824,21.70662302068335,54.44989152055986,20.617316182220247,36.22844925012858,-20.417872678781517,28.893295350058967,-8.802104102506991,-8.617821608546597,-26.95000102122112,5.52971482333667,-19.481220012791788,-6.342759632359206,-14.908704952024449,1.8868239126730364,-58.668708480821564,-18.157466734532708,-10.697978573888317,-17.98158136984196,-2.4575073199466466
40,TR041,Kocaeli,TUR,Turkey,52673.780000000006,43227.16,31461.91,61155.62,29900.180000000004,65604.05000000002,26959.76,15974.96,48603.09,43340.41,29891.439999999995,28125.19,49265.84,21923.49,26720.15,29051.76,17741.27,24714.16,22102.28,37662.64,34713.18,35304.95700000001,49.196556166319624,22.439350372243737,-10.885290130788174,73.22105788147536,-15.308833261006392,85.82107322776233,-23.637465413142998,-54.75150982339394,37.66647556035823,22.76012685697363,-15.333588991483586,-20.336427544721296,39.54369070609542,-37.902516068777544,-24.31615197831853,-17.711951893894135,-49.74850132234973,-29.99804531697916,-37.39609993010332,6.6780509037300035,-1.6761867179161525
41,TR042,Konya,TUR,Turkey,3141806.8399999994,2634220.3400000003,2876711.37,3591871.44,3071117.64,3307888.81,2601194.3400000003,2717792.6200000006,2419348.76,2548430.26,2388367.5500000003,3119909.97,2424476.82,2434221.2,2431810.95,2527345.89,2189362.3,2409431.33,2601695.35,2528847.82,2464793.33,2698292.5800000005,16.43684837172101,-2.3745475370206224,6.612284795298201,33.11645544383475,13.81707316557938,22.591924779335805,-3.59850672679833,0.722680710925723,-10.337789981248093,-5.553968502555817,-11.485968285915096,15.62534000667932,-10.14774165075904,-9.786610316365332,-9.875935322032435,-6.3353652330764065,-18.861197031494658,-10.705334630538857,-3.5799390590919695,-6.279702996477894,-8.653592710098192
42,TR043,Kutahya,TUR,Turkey,320911.31999999995,314799.30000000005,363620.11,455230.38,401345.43,476754.92,353508.14,375519.05,333994.93000000005,253784.74,300359.79000000004,316219.92,296752.2,377397.41,295491.48,286024.7700000001,270253.21,284983.68000000005,379433.35,330742.52,342421.9,339356.3325,-5.435293446306934,-7.2363560506123665,7.149940984230777,34.14524392291987,18.26666885610569,40.48799870266159,4.170191077839985,10.656267184877114,-1.5798740104547677,-25.215852572899912,-11.491326009070416,-6.817734129066247,-12.554394428458176,11.209773873896976,-12.92589773612079,-15.715505323596677,-20.36299779377183,-16.02228904922526,11.80971552961958,-2.5382795825682725,0.9033476633296668
43,TR044,Malatya,TUR,Turkey,268420.26000000007,301021.81999999995,294962.54,225606.43,291935.50999999995,331548.09,314813.08,310672.50999999995,302692.75,325474.44000000006,256242.89000000004,359387.82,364356.82,327459.66,271839.73,319454.65,199633.45000000004,312441.44,251784.24,278916.6,310505.25000000006,295433.2365,-9.143513038689514,1.8916570004810376,-0.1593241524130343,-23.635393000204974,-1.183931280528096,12.224370530497177,6.559804756429298,5.158279982489361,2.4572433305079406,10.168525334487903,-13.265381703253269,21.647728013838417,23.329664704126817,10.840494414039965,-7.986070483982265,8.130910991796965,-32.42688183460359,5.757037935709716,-14.774572088472521,-5.590649412257318,5.101664822332899
44,TR045,Manisa,TUR,Turkey,301430.54000000004,431935.45000000007,392868.62,520803.78,307621.0,409791.93,346508.53,371209.97,312932.0899999999,386280.53,360887.52,280603.25000000006,308403.73,493882.4,431832.07,234650.9,334296.67000000004,459752.6399999999,445126.26,297220.48000000004,345068.1500000001,371401.9180000001,-18.83979985262221,16.29865896384518,5.779911454307532,40.22646485094346,-17.173017937941857,10.336514201846384,-6.702546969614757,-0.0516820163540861,-15.743006475265481,4.0060676261773915,-2.831002612108239,-24.44754956812044,-16.96226781467513,32.97788085197769,16.270823889498566,-36.82022396017893,-9.990591378690745,23.78843988630122,19.850285748928165,-19.97335888825433,-7.090369414839702
45,TR046,Kahramanmaras,TUR,Turkey,407305.52,495068.71,488353.17,450942.89,540624.01,513772.50000000006,429136.57,437150.45,414803.41,486736.41,202644.09,508930.98,464126.13,429412.26,417224.37,422079.58,362084.52,314903.4,356031.67,435630.49,368668.79999999993,428848.05649999995,-5.023349452908138,15.44151885412592,13.875570286046065,5.152135625919542,26.064232262645238,19.80292138737957,0.06727639209904154,1.935975545222056,-3.2749703040801763,13.49856962683939,-52.746879243464626,18.67396209127977,8.226240731488558,0.13156256428086704,-2.710444019465891,-1.5782924505336853,-15.568109844051476,-26.56993654814428,-16.979530487857062,1.5815469831795876,-14.03276885318006
46,TR047,Mardin,TUR,Turkey,441271.74,514498.1800000001,261529.27,361278.25,604240.2700000001,257801.87,469789.3000000001,254098.35,374422.38,632572.7700000001,256745.44,274433.96,493051.0,249226.35000000003,359744.23000000004,560701.24,384575.5300000001,238755.11,275857.73,580953.4999999999,578799.3,392277.3235000001,12.489739672652748,31.156747835820276,-33.33051534394904,-7.902336342926564,54.033953481891736,-34.28071046783312,19.75948438936465,-35.22481806165379,-4.551612451286674,61.25652238982913,-34.55001739349842,-30.040829902827674,25.68939636909699,-36.466796557002624,-8.293391320643103,42.93491017968563,-1.9633542493057279,-39.13614280077041,-29.677880041923988,48.097650615279505,47.548498301100466
47,TR048,Mugla,TUR,Turkey,78225.31000000001,95084.58,105796.55999999998,79466.07,59899.97,97693.06999999998,103271.76,63778.70000000001,73758.96999999999,83928.98999999999,74309.98,71196.97,84857.99,80042.66000000002,96356.15,63192.59999999999,79757.42,71022.62999999999,69660.14,69378.29,86805.74,80033.94049999998,-2.259829378262302,18.8053210999901,32.18961772849359,-0.7095370994509205,-25.156790199527894,22.06455085139785,29.034956113400433,-20.310433796521583,-7.840386791901115,4.866747127114164,-7.151916379776386,-11.041528687444776,6.027504668472526,0.010894752833062899,20.394109546561705,-21.042748107598168,-0.34550404275044316,-11.25936127060993,-12.96175152090629,-13.313914613513239,8.46115967512561
48,TR049,Mus,TUR,Turkey,522397.02,467668.93,477878.41,531715.8099999999,410669.53,654874.8699999999,506017.0399999999,590016.16,502537.98,489243.64,450642.48,633150.0,570757.2,361124.59,424133.7400000001,517621.34,397091.65,468061.73,508005.65,437234.34,570822.3200000001,496042.10549999995,5.313039802021418,-5.7199127222074,-3.6617245388254593,7.191668631444433,-17.21075177961882,32.020016595143645,2.010904798080689,18.944773731511404,1.3095409498458463,-1.3705420214574775,-9.152373356337987,27.640374270607172,15.062248480839902,-27.198803086283558,-14.496423731513222,4.35028282090059,-19.947995221143568,-5.640725895999562,2.411800201505289,-11.855397928513133,15.075376398667457
49,TR050,Nevsehir,TUR,Turkey,510042.2,595192.34,539016.14,605646.3,443118.27,488948.82,445603.4699999999,514496.86,393276.3900000001,364530.3900000001,418006.13,525683.76,383681.53,401639.76,402076.70000000007,487790.97,194065.06,344411.5899999999,503846.45,415796.09,435325.67,448843.46099999995,13.634762298564501,32.60577277297129,20.090006168097005,34.93486095367225,-1.2755429225245936,8.935266409061056,-0.7218532253497704,14.627237490266133,-12.380055816386259,-18.784515833683916,-6.870397739848092,17.11962090943775,-14.517740963591743,-10.51674026727103,-10.419392296772234,8.677303421827064,-56.76330906823659,-23.266880343389932,12.254381266345343,-7.362783213187979,-3.0116938698144406
50,TR051,Nigde,TUR,Turkey,235804.24,303019.47,245728.38,289715.62,263382.58,272441.32,257806.93,277587.66000000003,277918.60000000003,281056.44999999995,268069.8900000001,298316.49999999994,284017.04000000004,201529.00999999995,248418.26,285375.7,246806.96,201878.59,201139.6,258266.3,275182.66,259913.955,-9.276037140829933,16.584532754310935,-5.457796600417235,11.465973421858019,1.3345281903005282,4.819812387526488,-0.8106625132921371,6.799829197320338,6.927155950514488,8.134420870168348,3.1379365528873144,14.775099320850224,9.273486296647693,-22.46318209424347,-4.422884873572864,9.796220830082026,-5.042820805831683,-22.32868373689285,-22.613004753823233,-0.633923253562895,5.874522974343562
51,TR052,Ordu,TUR,Turkey,731.8,608.41,1448.64,2742.3600000000006,863.49,788.3800000000001,1042.1999999999998,2657.3899999999994,278.93,1153.1699999999998,683.93,730.63,191.47,1484.04,432.79,2600.39,642.29,83.33000000000001,2151.28,1939.44,3145.35,1162.718,-37.0612650702922,-47.673468545253456,24.590829418655254,135.85770582376813,-25.7352169657647,-32.19508083645389,-10.365196032055945,128.549828935305,-76.0105201777215,-0.8211793401323648,-41.17834246997123,-37.16189136144792,-83.53255045505445,27.635419766443786,-62.777732863858645,123.64752244310311,-44.75960637059029,-92.83317192990907,85.02164755340505,66.80226847782524,170.51701272363547
52,TR053,Rize,TUR,Turkey,0.0,3.6,19.43,1.86,5.79,4.8100000000000005,9.33,0.23,31.77,16.82,1.37,2.58,2.03,3.13,3.03,9.23,2.42,0.0,17.75,15.82,2.94,7.55,,-52.317880794701985,157.35099337748343,-75.36423841059602,-23.311258278145694,-36.29139072847681,23.576158940397356,-96.95364238410595,320.79470198675494,122.78145695364238,-81.8543046357616,-65.82781456953643,-73.11258278145695,-58.54304635761589,-59.86754966887416,22.25165562913908,-67.94701986754967,,135.09933774834437,109.53642384105959,-61.059602649006614
53,TR054,Sakarya,TUR,Turkey,92975.84999999998,86627.93,83733.52,112153.98,69468.91,117802.01,100432.01,87453.63,79159.35,96532.66000000002,80242.29000000001,64224.4,66933.05999999998,63575.16,77608.34000000003,78311.15000000001,62013.34,91077.09,86477.95,91571.38,84979.28,84418.7005,10.136556769195908,2.6169906512597723,-0.8116454007723113,32.85442601666201,-17.709098116240256,39.544922277025556,18.96891258116439,3.595091469099312,-6.230077540698462,14.349853087350011,-4.94725750960831,-23.921596021251244,-20.712994154654183,-24.690667324356646,-8.06736002765167,-7.2348312208383225,-26.540755030930622,7.88733948824525,2.439328594024011,8.472861412975668,0.6640465876396575
54,TR055,Samsun,TUR,Turkey,302119.99999999994,277429.74999999994,263045.78,328708.14,267060.3,337777.71,129580.22,267966.99,240354.16,262744.81,157249.36000000002,191114.93,200400.86,77110.85000000002,228582.26,261338.65999999997,132099.06,240654.84,262602.38,276747.43999999994,242080.69,235234.425,28.433582797245748,17.93756377281937,11.82282525187376,39.73640975380199,13.529429206630791,43.591955131567175,-44.914431635590745,13.914870240612107,2.176439524104525,11.694880543100785,-33.1520630962071,-18.75554353917374,-14.808021827587526,-67.21957256043623,-2.8278875423952,11.097115143754996,-43.84365298573965,2.304260951601794,11.634332432423536,17.64750843759367,2.910400975537494
55,TR056,Siirt,TUR,Turkey,84235.05,137335.0,107592.05,151119.01,99061.86000000002,102550.78,55328.15,83603.60999999999,141800.34,120979.4,96201.7,79377.43999999999,60962.03,123221.59,115873.3,90215.79,79842.28,70306.49999999999,124394.09,122937.0,104310.68,102346.84850000001,-17.696488719923803,34.185861130838816,5.124927222356041,47.65379903221935,-3.2096625818429496,0.1992552804398188,-45.94054354296996,-18.31344958315939,38.548809346093336,18.205300674206875,-6.004238127566781,-22.442712048920605,-40.43585035253919,20.396076484953994,13.216285306528022,-11.852889148804628,-21.988530990282527,-31.305652269302676,21.541690655965816,20.118012231710285,1.9188001670613095
56,TR057,Sinop,TUR,Turkey,47364.89,39208.7,42015.98,47202.37,43684.17,47518.21,19121.83,38256.030000000006,35465.11,39139.73,28659.15,43500.30999999999,29107.83,30893.43,18554.99,27827.84,23606.74,29129.680000000008,40424.71999999999,41855.42999999999,37770.76,35626.857,32.94714714800689,10.053772074252839,17.933445546431443,32.49097443538171,22.61584006694723,33.37749664529766,-46.32748546973986,7.379750057660159,-0.4540030011628672,9.86018216538158,-19.557456331328922,22.099768722231058,-18.298069346953625,-13.286120075088304,-47.91853235888869,-21.890836455205697,-33.73892061261537,-18.23673921053433,13.466983629793619,17.482802370133264,6.0176596549058425
57,TR058,Sivas,TUR,Turkey,1170063.1,1378577.4400000002,1336138.4499999995,1474048.9700000002,1388047.49,1352819.1700000002,1147803.09,1628646.29,1103212.2400000002,1218723.18,990738.1,1641430.22,1169469.7799999998,1180453.99,1065757.28,1476491.91,1010730.0599999998,1073481.0500000005,1273698.4800000004,1092670.0299999998,1201672.44,1258650.016,-7.038248510219695,9.528258250941786,6.156471855953913,17.113490744991985,10.280655651300602,7.481758455719917,-8.806810836285722,29.396279291033668,-12.34956294633693,-3.172195248277828,-21.28565626618163,30.411965132013307,-7.085387905004426,-6.212690184401513,-15.32536714320433,17.30758282531177,-19.69729097433231,-14.711712044343194,1.195603528280604,-13.187143676960018,-4.526880012370342
58,TR059,Tekirdag,TUR,Turkey,528744.8499999999,356859.55,451050.4000000001,507252.86,241130.84,392079.01,391933.6499999999,221725.22,181327.87,492993.09,317597.1,102074.89,346965.78,196911.19,537698.48,165754.19000000003,219444.81000000003,131930.43,87935.56999999999,137148.31999999998,89012.55,300427.9050000001,75.99724965628599,18.78375612278756,50.13598686846349,68.843456802057,-19.737535699288678,30.506854880873963,30.458470560515938,-26.196862438594064,-39.64346620863999,64.09697028643191,5.71491353308205,-66.02349904879841,15.490530082416921,-34.456424745231324,78.9775420495642,-44.827298915525176,-26.955916428602077,-56.085826980686114,-70.72989275080822,-54.349007626305564,-70.37141073829345
59,TR060,Tokat,TUR,Turkey,320098.35000000003,271040.65,293331.8,346924.8400000001,314342.63,315471.32,103969.85,317397.29000000004,218531.6000000001,276341.33,176021.41999999998,231847.63,288064.25999999995,199418.97,269749.49,115894.60999999996,170032.34000000003,248033.78000000003,290582.98,289844.29000000004,275959.9,252846.97150000004,26.597660276899926,7.195529530002687,16.01159320193793,37.207433390199824,24.321295262181913,24.767687794907978,-58.880326158069096,25.529401486226615,-13.571596802772046,9.291927983404765,-30.38420869517911,-8.305158402895893,13.928301490453052,-21.13056809936916,6.684880740206905,-54.164129666073556,-32.75286668798404,-1.9035986357463706,14.924445515852236,14.63229647581521,9.141073892593559
60,TR061,Trabzon,TUR,Turkey,524.45,1080.5700000000002,1011.6799999999998,183.89,661.96,1089.63,346.81999999999994,967.88,1144.25,506.42,943.0599999999998,46.010000000000005,51.03000000000001,750.0200000000001,360.07,874.43,931.0600000000002,179.46999999999997,695.37,605.86,1162.4899999999998,647.6965000000001,-19.028433842085,66.83276812519443,56.19661369175218,-71.60861607249693,2.202188833813353,68.23157142272652,-46.45331571191139,49.43418715401424,76.66453346590568,-21.812145040153847,45.602145449296025,-92.89636426937616,-92.12130990363544,15.798062827265541,-44.40760448759567,35.00613327384041,43.74942584991581,-72.29103445826865,7.360468985087902,-6.459275293289389,79.48066725696364
61,TR062,Tunceli,TUR,Turkey,105652.99,112280.91,108208.9,108056.81,105055.76,100599.88,86363.34999999999,118951.46,91750.56,103087.66,84326.32999999999,139660.68999999997,118478.64,29676.54,92635.92,110946.59,57926.42999999999,76191.94,90750.19,86338.09000000001,103886.34,96346.98199999999,9.65884743540801,16.538066547844764,12.311665351385896,12.153808824027317,9.038973322485603,4.414147606616278,-10.362163705345747,23.461531986544237,-4.770696398149754,6.996252357961784,-12.476417787533816,44.95595720891391,22.970784907408945,-69.19826715485493,-3.851767769954632,15.153155497906523,-39.87727607285094,-20.91922505678485,-5.808995656968256,-10.388381444060157,7.825214494004605
62,TR063,Sanliurfa,TUR,Turkey,1424330.52,1282054.64,1436214.9999999998,1648153.8199999998,1036173.05,1914290.34,1884701.92,1038102.53,1551835.4899999998,1866501.9299999997,1429658.0199999996,851788.0299999999,1423964.35,887091.5399999999,1763936.55,1489473.7499999998,1411252.4,1529667.54,1334320.3299999998,1941034.39,1861534.62,1457227.3069999998,-2.257491802546889,-12.020956933659761,-1.441937500008709,13.102040572727208,-28.894205795993898,31.365253094313605,29.334792928087793,-28.76179817566374,6.492342172393835,28.085846390195318,-1.891900245594303,-41.54734639487509,-2.282619659967689,-39.12469689946594,21.047453717527702,2.2128629380673535,-3.1549578284151587,4.9711004351910795,-8.434303722528306,33.200522710215736,27.744972322289897
63,TR064,Usak,TUR,Turkey,134767.80000000002,227857.54,275398.03,289549.79,223872.68,327560.78,171351.67000000004,139603.17,150140.34999999998,273713.17000000004,205635.97,173991.12000000002,119367.58,301417.1499999999,238481.72,155629.31,64880.29,271096.8,138350.03,137538.27000000005,198231.08,201010.16100000002,-32.95473257195192,13.356229787806589,37.00701926207601,44.04733997501746,11.37381259049883,62.95732433147994,-14.754722274960008,-30.549197460719412,-25.307084351820425,36.168822828812125,2.301281177522154,-13.44162945076194,-40.61614626536218,49.951200725618975,18.641624290823774,-22.576396523556845,-67.72288043687503,34.867212011237555,-31.172618681699387,-31.576458963186425,-1.3825574718086189
64,TR065,Van,TUR,Turkey,445550.56,439823.72,421423.7899999999,443374.5900000001,420308.25,473524.79999999993,469119.39,460044.5199999999,464455.29,453350.03,434464.81,505130.41,507946.56000000006,322131.45,423190.7400000001,441810.8,401599.16,397577.13000000006,445860.41,446853.78,502411.01,440877.00950000004,1.0600576576447571,-0.2389077854603057,-4.4123914563070725,0.5665027765527065,-4.6654189392472825,7.405192331762967,6.405954470619762,4.347586761609046,5.348040381316353,2.829138338183176,-1.4544191150434769,14.573996628417959,15.212757538902697,-26.933942333411697,-4.01161074832593,0.21180294727977744,-8.909026475330432,-9.821305844254956,1.1303380291142013,1.355654835977557,13.957180613655918
65,TR066,Yozgat,TUR,Turkey,1345189.84,1229350.16,1113382.1300000004,1332706.4,1179450.97,1171188.78,759798.3700000002,1310689.6,855747.5700000001,805031.3299999998,828599.7299999999,1145342.34,807704.5700000001,831452.6099999999,894466.2800000001,1104928.54,549209.0099999999,815714.1099999999,1073587.02,863707.0099999999,977921.31,1000862.3185,34.403085732715596,22.82909819628701,11.242286718180639,33.155817275380805,17.843478388481255,17.01797123856851,-24.085625369659656,30.956034189032167,-14.498972118111567,-19.566226530887246,-17.211417126600534,14.435554104637822,-19.299132850708876,-16.92637492376532,-10.630437027488101,10.397656058823838,-45.126417505346424,-18.498868933089938,7.266204367549078,-13.703713883999136,-2.292124308804218
66,TR067,Zonguldak,TUR,Turkey,347.6,157.53,1919.7,658.3900000000001,651.9800000000001,692.47,751.9499999999999,391.22,2305.11,2312.94,502.51,178.62,1311.48,470.57,277.24,233.27,257.82,148.16,274.7300000000001,1628.95,2053.84,773.6120000000001,-55.06791518228776,-79.63707905254832,148.1476502432744,-14.894029565208394,-15.72261030077092,-10.48872044384007,-2.800111683893237,-49.42942973997301,197.96719802691786,198.97933330920407,-35.0436652999178,-76.91090624240576,69.52684291350184,-39.172349963547624,-64.16291370868083,-69.84664146885002,-66.67321603077512,-80.84828053339402,-64.48736575957973,110.5642104827743,165.4870917203973
67,TR068,Aksaray,TUR,Turkey,556648.34,603378.09,565254.07,691700.9800000001,521008.95,511168.29,495385.87,469313.06,465618.20000000007,459101.18,427260.17,374269.63,466830.1,363648.18,484336.3000000001,448167.35,214567.56,504932.8399999999,430569.84,355206.8,517683.48,470418.2899999999,18.33050538915059,28.264164643768435,20.159883664387294,47.03955919741135,10.75439902644944,8.662503322309187,5.3075274773011225,-0.23494622201018656,-1.0203876214081413,-2.4057546742070617,-9.17441369042006,-20.438971452406737,-0.7627658354865294,-22.6968449717378,2.958645591777519,-4.730032924527647,-54.38792143902398,7.336991510257816,-8.47085473653669,-24.491286255047598,10.04748135962147
68,TR069,Bayburt,TUR,Turkey,48742.67,64967.62000000001,85057.67,101704.11000000002,51655.31,102418.03,42991.4,90381.27999999998,95690.04,115857.94,81462.5,107871.15,84026.53,49957.030000000006,49351.490000000005,85421.90000000001,80968.51,78554.45000000001,74226.95,65188.02000000001,74736.06,77824.73,-37.3686616066641,-16.520596987615615,9.293883833583493,30.683537225249637,-33.62609802822316,31.60088059412478,-44.7586904573906,16.13439584049953,22.95582650913148,48.87033980072916,4.674311109078058,38.60780499977321,7.968932240433089,-35.80828356230724,-36.586365285173486,9.761897021679372,4.039564287598555,0.9376453988340413,-4.6229264142644615,-16.2373965190756,-3.9687513210775007
69,TR070,Karaman,TUR,Turkey,309613.99,329594.09,305690.57000000007,355393.81,333197.34,292676.60000000003,296449.6,278257.47,265369.86,316355.63,243409.79,266743.49,307946.43,290410.73000000004,282380.15,304946.67,191049.43,203156.0,306789.55000000005,305493.25000000006,294409.42999999993,289246.22250000003,7.0416710455051685,13.949315275845992,5.685241922217335,22.868954667160764,15.195053238767878,1.1859714088400937,2.490396395755849,-3.7990997445092165,-8.254684294105187,9.372432685788997,-15.846856046667998,-7.779784401505897,6.465151848266561,0.40260076343780316,-2.373781216797052,5.42805619527147,-33.9492048163222,-29.763646265077853,6.065188111488651,5.61702322663869,1.7850561557463043
70,TR071,Kirikkale,TUR,Turkey,407174.9,272037.21,90809.83,433844.82,363441.00000000006,441484.02,202960.8,245908.4,229891.88000000003,214046.26,206333.66,368124.52,216198.54000000004,229337.84,291263.44,394093.95,87083.48000000001,283988.87999999995,314895.3500000001,257069.38,276364.49000000005,277499.40800000005,46.73000671770801,-1.9683638388158409,-67.2756671250268,56.34080920273527,30.970009132415875,59.093679940391056,-26.860816942715804,-11.38417131325918,-17.15590254520471,-22.86604806018182,-25.645369304715793,32.6577676879224,-22.090450009176237,-17.355557025188336,4.96002211291202,42.01614080560487,-68.61849881856324,2.3385534573824716,13.476043884028766,-7.362187958253247,-0.40898033195083605
71,TR072,Batman,TUR,Turkey,110364.26,139583.82,145156.08000000002,187699.06,156271.96,193913.72000000003,25169.33,43474.31999999999,57043.5,163089.1,113009.78999999998,33683.119999999995,54547.82,63151.79,138589.66999999998,73209.12,75614.98,79521.41000000002,39379.38,137076.39,119103.05000000002,101477.43099999998,8.757443810338492,37.55159016589613,43.04272247491173,84.96631039073115,53.99676406865288,91.09048986468731,-75.19711550443171,-57.158631656727685,-43.78700816736284,60.714651911123006,11.364456989456109,-66.8072795417929,-46.24635304376201,-37.767650030478194,36.57191420228209,-27.856746787371854,-25.485914202932463,-21.63635872886846,-61.19395257453847,35.08066636018805,17.369003951233292
72,TR073,Sirnak,TUR,Turkey,88366.49,136639.14,57837.98,144418.34,94242.96,95046.88,169733.35999999996,69086.84000000001,61689.85,173972.87000000002,50517.85999999999,44101.670000000006,55115.630000000005,69124.66,109654.75,131226.87,65910.03,57666.85,62595.44000000001,72400.36,140891.7,90467.4415,-2.3223288568407185,51.03681250895109,-36.06762936918029,59.63570717317124,4.173345059172482,5.061974146798441,87.61817200279722,-23.633476470095584,-31.809887648917318,92.30439936781015,-44.15907075254251,-51.25133498994773,-39.07683351474021,-23.59167137494432,21.20907608512395,45.054251368432915,-27.14502708689955,-36.25679134520456,-30.80887558868346,-19.97081071426122,55.73746495306824
73,TR074,Bartin,TUR,Turkey,451.35,28.59,339.48,581.18,396.28,416.19,1315.9399999999998,313.31,1263.35,2461.24,517.96,57.85,1549.1899999999998,399.63000000000005,289.77,314.97,75.74000000000001,0.0,95.86,41.260000000000005,2154.12,545.457,-17.252872362074363,-94.75852358664385,-37.76228006973968,6.549187195324279,-27.348993596195488,-23.6988433552049,141.25458102105205,-42.56009181292018,131.61312440760682,351.22530281947064,-5.0410939817437415,-89.3942143927019,184.01688859066797,-26.73482969326637,-46.875739059174236,-42.25575984908067,-86.11439581855215,,-82.42574575081079,-92.43570070601349,294.92022285899714
74,TR075,Ardahan,TUR,Turkey,50297.51,50889.58,56343.31000000001,64717.46,68547.51,67407.35,63574.26,66168.48,68707.30000000002,68712.34,67833.0,68220.35999999999,43280.670000000006,46694.310000000005,67756.63,68192.03,50652.41,67631.47,61594.18,57661.36,68090.08,61244.076000000015,-17.873673202286554,-16.906934802967736,-8.00202455499533,5.671379546978524,11.925127256389626,10.06346148482996,3.8047500300273716,8.04062094103596,12.186034123528945,12.194263490888456,10.758467480185322,11.39095314296189,-29.330846627517094,-23.757017739968852,10.63376970533442,11.344695607784141,-17.2941885840518,10.429407082572336,0.5716536567552831,-5.849898037485313,11.178230527961569
75,TR076,Igdir,TUR,Turkey,69759.68,20121.03,33618.770000000004,36499.65,52918.5,10365.8,5939.280000000001,67037.10999999999,146.37,81692.6,71863.3,35343.82,79718.79,47718.01,19152.8,14671.14,79500.76000000001,84260.60000000002,54781.33000000001,60723.96,89510.03,46291.66499999999,50.695983823437764,-56.53422705793797,-27.37619180472336,-21.152868448348087,14.315395654919753,-77.60763195707044,-87.1698717252879,44.81464427775496,-99.68380916953407,76.47366972002415,55.24025761441075,-23.649711022491836,72.20981358091139,3.081213432266929,-58.62581309183845,-68.30716717577559,71.7388216647641,82.02110466322617,18.339511011323566,31.176876009968552,93.36100786178248
76,TR077,Yalova,TUR,Turkey,9345.830000000002,8084.34,3480.98,5675.64,6286.0,6438.27,6046.73,7205.840000000001,7299.26,7365.85,4549.030000000001,4715.37,6333.44,3239.16,4925.63,4241.35,3487.71,3195.44,2297.42,6460.740000000001,7029.150000000001,5533.701500000001,68.88930492546444,46.092809668175974,-37.094908353838754,2.5649829503813906,13.594851475093098,16.346535858502655,9.270982542155526,30.217359935298276,31.905560861929377,33.10891453035548,-17.794084122535345,-14.788139548184901,14.452143831755263,-41.464858558055596,-10.98851284262443,-23.354196101831665,-36.973289939835034,-42.25492647191036,-58.48312381865918,16.752593178363515,27.024379612814304
77,TR078,Karabuk,TUR,Turkey,15756.79,28490.29,41444.7,47574.95,30080.300000000007,47675.0,34300.57,12188.1,29555.85,28099.44,36252.47,37551.27,13311.87,8821.250000000002,22707.360000000004,21684.14,3827.78,4793.010000000001,27432.14,33758.45,36862.2,26265.2865,-40.00906862371366,8.471270625584086,57.79268198730671,81.13242358883083,14.524926274838116,81.51334461933246,30.592788317766882,-53.59616579853412,12.528184301359136,6.983184820770946,38.02427017120108,42.96920005041635,-49.317628802564165,-66.41479619877741,-13.546117229674973,-17.441829541817484,-85.42646774479311,-81.75154114538213,4.442569092098047,28.528771235752554,40.345699255936154
78,TR079,Kilis,TUR,Turkey,31294.34,70866.63,69402.38000000002,39477.04,41379.61,60245.97,63084.54,42547.57,40757.060000000005,105105.94,54836.63,40953.63,87228.86,45647.85999999999,59173.03000000001,101232.7,79276.17000000001,49817.67,61017.240000000005,42471.65,83358.25,59290.826,-47.21891713905285,19.523769157812044,17.05416281432817,-33.417962502327086,-30.209084960293858,1.6109473664610445,6.398483974569691,-28.239201794894882,-31.259078765406294,77.27184303352428,-7.51245395029579,-30.927543495514808,47.12033190429831,-23.010247824849003,-0.19867491810619664,70.73923038279142,33.70731249384182,-15.977439747592658,2.911772556516592,-28.367248585809886,40.59215501568489
79,TR080,Osmaniye,TUR,Turkey,127639.29,197434.4,125883.99,98543.1,179643.40999999997,100426.65,171456.66,122058.18,94455.68,93742.53000000004,119190.64,121608.76,106746.59,121168.8,117766.6,84322.14000000001,93915.8,95131.35000000002,90651.6,102074.21,107189.35,118193.019,7.99224106459282,67.0440451309565,6.507127971745949,-16.625278858474708,51.991557132490186,-15.031656818919235,45.06496360838367,3.2702109081417006,-20.083537251891336,-20.686914681483817,0.8440608493129353,2.8899684845176807,-9.684522061324117,2.5177299177035173,-0.3607818834037858,-28.657258513719817,-20.54031549866748,-19.51187066302112,-23.302069134895348,-13.637699702044156,-9.309914488266006
80,TR081,Duzce,TUR,Turkey,854.23,1133.86,795.27,1487.88,1667.2099999999998,1869.25,5979.139999999999,2193.71,3463.8899999999994,7167.150000000001,920.67,1374.1900000000005,1165.66,805.12,385.98,1911.2000000000005,2424.72,2488.55,1779.36,4871.57,5230.370000000001,2236.9305,-61.81240320161936,-49.31179131403501,-64.4481578663262,-33.4856402556986,-25.468851177986984,-16.436831631559404,167.29216665426125,-1.9321342348365271,54.85013951036921,220.40110320816856,-58.842261751091506,-38.568051175483525,-47.890200433138176,-64.0078223261742,-82.74510540224651,-14.561493975785098,8.394963544911201,11.24842725332773,-20.455284596459304,117.7792291714025,133.819065903031
